epoch,loss,lr,mean_absolute_error,root_mean_squared_error,val_loss,val_mean_absolute_error,val_root_mean_squared_error
0,0.0858493096754619,0.001,0.26101544,0.29300052,0.14348113536834717,0.34097758,0.37878904
1,0.043163891566283134,0.001,0.17155653,0.20775922,0.023017805069684982,0.12112929,0.1517162
2,0.013603933009446836,0.001,0.09640274,0.116635896,0.013710525818169117,0.09965251,0.117091954
3,0.01928060340783069,0.001,0.1187173,0.13885461,0.042299773544073105,0.1631618,0.20566909
4,0.011809168927995705,0.001,0.08573154,0.10867,0.06957624852657318,0.22057287,0.2637731
5,0.017532851772777962,0.001,0.100702025,0.13241167,0.07002843171358109,0.22094908,0.26462886
6,0.017123262827913818,0.001,0.09953687,0.13085589,0.05364823341369629,0.18696998,0.23162088
7,0.012818261889704302,0.001,0.088227056,0.11321776,0.032651208341121674,0.14105426,0.18069646
8,0.010804920060536866,0.001,0.08710996,0.10394672,0.020747143775224686,0.11552721,0.14403869
9,0.013103341461290437,0.001,0.09688992,0.114469826,0.0202905535697937,0.11448346,0.14244491
10,0.012983844051081123,0.001,0.096264504,0.11394667,0.02596908248960972,0.12625504,0.16114925
11,0.010815753480303308,0.001,0.08790826,0.10399881,0.03353804349899292,0.14294656,0.18313394
12,0.010167988511914663,0.001,0.08357003,0.10083645,0.03919146582484245,0.15569262,0.19796835
13,0.010529799997779987,0.001,0.08265347,0.10261481,0.03953471779823303,0.15677884,0.19883339
14,0.010459542662941199,0.001,0.081658065,0.10227191,0.03418929874897003,0.14485611,0.18490349
15,0.009692433643787303,0.001,0.079577334,0.098450154,0.025911487638950348,0.12556954,0.16097045
16,0.009176226347724702,0.001,0.0789583,0.09579262,0.019140655174851418,0.11049566,0.13834976
17,0.00942965325984088,0.001,0.08047145,0.097106405,0.017371032387018204,0.106293865,0.1317992
18,0.009218337369581383,0.001,0.07907811,0.096012175,0.0200363676995039,0.11189878,0.14154987
19,0.008404753009876679,0.001,0.074653156,0.09167744,0.024218404665589333,0.12194451,0.15562263
20,0.008278953933294817,0.001,0.07218138,0.090988755,0.02502134069800377,0.12438685,0.15818135
21,0.00828266013314061,0.001,0.071268156,0.09100912,0.02135602943599224,0.115276806,0.14613703
22,0.007870923490354828,0.001,0.06992671,0.08871822,0.017001673579216003,0.104284056,0.13039047
23,0.007535429547728436,0.001,0.06871979,0.086806856,0.014653806574642658,0.0982045,0.121052906
24,0.007422179830345241,0.001,0.06783287,0.08615207,0.013919792138040066,0.09621094,0.11798217
25,0.007280540816924151,0.001,0.06683234,0.08532609,0.01508201751857996,0.099466205,0.122808866
26,0.007145376037640262,0.001,0.06596454,0.084530324,0.016669267788529396,0.103763886,0.12910952
27,0.0071410227885698885,0.001,0.06558966,0.084504575,0.015359691344201565,0.10005088,0.123934224
28,0.006874639813169014,0.001,0.06453799,0.08291345,0.013282964006066322,0.09395702,0.11525174
29,0.006583971389753615,0.001,0.06361533,0.08114167,0.013849258422851562,0.09523557,0.117682874
30,0.006372675734593694,0.001,0.062782735,0.07982904,0.013865889981389046,0.09490524,0.11775351
31,0.006150307494868091,0.001,0.062068027,0.078423895,0.013964175246655941,0.09473326,0.11817011
32,0.0059087911974339885,0.001,0.06117681,0.07686866,0.01608165167272091,0.10040117,0.12681346
33,0.005719181210792054,0.001,0.060059138,0.07562527,0.01694219373166561,0.10239008,0.13016218
34,0.005527636710282103,0.001,0.059017297,0.07434808,0.014638849534094334,0.09568588,0.12099111
35,0.005343856762284529,0.001,0.058604196,0.073101684,0.013664371334016323,0.092740126,0.1168947
36,0.00525010518361142,0.001,0.058322594,0.07245761,0.01762612722814083,0.10465376,0.13276343
37,0.005109860731949515,0.001,0.056685347,0.07148329,0.01459069736301899,0.09597463,0.12079196
38,0.0050633054528777185,0.001,0.05700335,0.07115691,0.013323421590030193,0.09213993,0.11542713
39,0.005019043690945003,0.001,0.057005,0.07084521,0.01674433797597885,0.10344228,0.12939991
40,0.004942630169458302,0.001,0.056276705,0.07030384,0.014742899686098099,0.09707646,0.121420346
41,0.004788505801608962,0.001,0.055690277,0.06919903,0.011789461597800255,0.08715087,0.108579285
42,0.0047449999419995545,0.001,0.055830095,0.068883955,0.013833989389240742,0.09385924,0.11761798
43,0.004640099558474599,0.001,0.054809,0.068118274,0.01633140631020069,0.10145378,0.12779438
44,0.00475869797346134,0.001,0.055292517,0.06898332,0.010515461675822735,0.083062924,0.102544926
45,0.0048050393181091,0.001,0.05623812,0.06931839,0.010404355823993683,0.082791775,0.10200174
46,0.004630852931423143,0.001,0.055237386,0.06805037,0.022519942373037338,0.118885614,0.15006647
47,0.0056522988038612346,0.001,0.059650924,0.07518177,0.02235361374914646,0.11825663,0.14951125
48,0.005371149426820869,0.001,0.05836639,0.07328813,0.008918522857129574,0.078079365,0.094437934
49,0.005226103368973934,0.001,0.05900038,0.07229179,0.008064985275268555,0.07506568,0.08980526
50,0.005275146167479628,0.001,0.059203014,0.072630204,0.0198667049407959,0.11195615,0.1409493
51,0.005294527372913086,0.001,0.05770742,0.0727635,0.026184016838669777,0.13062035,0.16181476
52,0.006447337506382117,0.001,0.06346713,0.08029531,0.011807283386588097,0.08741525,0.108661324
53,0.004356740904995199,0.001,0.05330507,0.06600561,0.00702684884890914,0.06993452,0.0838263
54,0.006514198311941562,0.001,0.06547805,0.08071058,0.01034131646156311,0.08245306,0.10169227
55,0.004297648452773505,0.001,0.05323779,0.06555645,0.02058248594403267,0.11513602,0.14346598
56,0.00550013537636548,0.001,0.058831554,0.0741629,0.017060216516256332,0.104537666,0.13061476
57,0.004729982424832867,0.001,0.055135146,0.06877487,0.008308971300721169,0.07528729,0.09115356
58,0.004487922977915103,0.001,0.054743707,0.06699196,0.007197071332484484,0.07048344,0.08483555
59,0.005170404802303954,0.001,0.058421824,0.07190553,0.011809069663286209,0.08736217,0.10866954
60,0.004059417454655317,0.001,0.052042004,0.06371356,0.019175173714756966,0.11007674,0.13847445
61,0.0048128413409990745,0.001,0.055204276,0.06937464,0.016867714002728462,0.10299352,0.12987576
62,0.004367957247749847,0.001,0.053383015,0.066090524,0.010376782156527042,0.082534745,0.10186649
63,0.004076734115079098,0.001,0.05250376,0.06384931,0.00906746368855238,0.077787265,0.09522323
64,0.004331983166867983,0.001,0.05410177,0.0658178,0.01153564453125,0.086266786,0.10740412
65,0.003951327319949228,0.001,0.051634483,0.06285959,0.014119669795036316,0.09436813,0.11882622
66,0.003948703549765781,0.001,0.05156835,0.06283871,0.012717420235276222,0.09010595,0.11277154
67,0.0038745016425701917,0.001,0.05116229,0.062245496,0.010607187636196613,0.083276376,0.1029912
68,0.003835774284128412,0.001,0.050970018,0.06193363,0.011942782439291477,0.08795668,0.10928304
69,0.0038502668038860573,0.001,0.051042486,0.062050518,0.012691724114120007,0.090658754,0.112657554
70,0.003904393901500632,0.001,0.051328823,0.06248515,0.009416749700903893,0.07916912,0.09703994
71,0.0038120723910523503,0.001,0.05077757,0.061741985,0.008884241804480553,0.07694893,0.09425626
72,0.0037659600658471733,0.001,0.050604504,0.06136742,0.011627876199781895,0.08696427,0.10783263
73,0.003713555665978906,0.001,0.05002779,0.060938947,0.01341990102082491,0.09279362,0.115844294
74,0.0038128676981982277,0.001,0.050305877,0.061748423,0.010494222864508629,0.08270277,0.10244131
75,0.003653451770049339,0.001,0.04988688,0.060443792,0.007905024103820324,0.07245671,0.0889102
76,0.003916420948105646,0.001,0.051533002,0.062581316,0.010840591043233871,0.08390321,0.10411816
77,0.0035870775867605487,0.001,0.049235716,0.059892215,0.016079172492027283,0.10135271,0.12680368
78,0.004081868518429431,0.001,0.051204607,0.0638895,0.014692872762680054,0.09693948,0.12121416
79,0.0038752927218270016,0.001,0.05023487,0.062251847,0.009954876266419888,0.08057385,0.09977413
80,0.003535002417722966,0.001,0.049077153,0.059455886,0.008077242411673069,0.07313367,0.08987348
81,0.0036392224547511327,0.001,0.049884785,0.06032597,0.008285919204354286,0.0741034,0.09102702
82,0.0035328403415752713,0.001,0.04918896,0.059437703,0.00937261339277029,0.078541875,0.096812256
83,0.003467169416397677,0.001,0.048617776,0.058882676,0.00905197486281395,0.077251084,0.095141865
84,0.003416938897315247,0.001,0.048258588,0.058454588,0.007155406754463911,0.06899318,0.08458964
85,0.003590622428744872,0.001,0.049477197,0.0599218,0.007813683710992336,0.07199941,0.088395044
86,0.0034399940428920025,0.001,0.04858659,0.058651462,0.010992782190442085,0.084541224,0.10484647
87,0.0034186261624708746,0.001,0.04789078,0.05846902,0.011432004161179066,0.08597954,0.10692055
88,0.0034010018165590186,0.001,0.04774954,0.05831811,0.00954440888017416,0.07847486,0.09769549
89,0.003296484388394444,0.001,0.047281485,0.05741502,0.0089880907908082,0.07599501,0.09480554
90,0.0033011779167528353,0.001,0.047288526,0.05745588,0.00848288182169199,0.07384769,0.092102565
91,0.0032997276412353,0.001,0.04732356,0.057443254,0.008683993481099606,0.07484924,0.09318795
92,0.0032287247200063207,0.001,0.046703223,0.056821868,0.009850618429481983,0.08005256,0.09925028
93,0.003216435662562064,0.001,0.04663035,0.05671363,0.0093789491802454,0.07848726,0.09684498
94,0.003214640643301548,0.001,0.046645954,0.0566978,0.007879555225372314,0.07237099,0.08876686
95,0.003166515004543883,0.001,0.046424426,0.056271795,0.006753166206181049,0.06733909,0.082177654
96,0.0031710038133423756,0.001,0.04649883,0.056311667,0.007522170431911945,0.070821196,0.08673045
97,0.0031081732792477665,0.001,0.046006292,0.055750996,0.009493560530245304,0.0791868,0.0974349
98,0.003174012322676054,0.001,0.046092242,0.056338374,0.008678589016199112,0.075551,0.093158945
99,0.00307349031940501,0.001,0.04557419,0.055439066,0.0066617513075470924,0.06642467,0.08161955
100,0.0030539005068454515,0.001,0.045513373,0.055262107,0.0062627107836306095,0.06457266,0.07913729
101,0.0030468518865658318,0.001,0.045392994,0.055198297,0.006198575254529715,0.06436314,0.07873103
102,0.0029936779648191735,0.001,0.0450994,0.054714512,0.006815704517066479,0.0673468,0.08255728
103,0.0029403121615701926,0.001,0.044656977,0.054224648,0.006993352435529232,0.068162605,0.08362626
104,0.002904298799544068,0.001,0.04442561,0.053891547,0.00595526397228241,0.063017875,0.07717036
105,0.002913173617639059,0.001,0.04439247,0.053973824,0.005931471008807421,0.06275761,0.07701604
106,0.0029090008006967378,0.001,0.044303603,0.05393515,0.005955547094345093,0.0626876,0.07717219
107,0.0028793720608168744,0.001,0.044040248,0.05365978,0.006385514512658119,0.06458998,0.079909414
108,0.002800922750772613,0.001,0.043495197,0.052923746,0.009204024448990822,0.077162445,0.09593761
109,0.002900087374217689,0.001,0.044000026,0.05385246,0.00773457158356905,0.070735365,0.087946415
110,0.0027580446195946393,0.001,0.043195665,0.052517086,0.004559376742690802,0.054472245,0.06752316
111,0.0028915578501926545,0.001,0.044162497,0.05377321,0.006814206950366497,0.06611837,0.08254821
112,0.0027107207072191537,0.001,0.042859744,0.052064583,0.008185968734323978,0.07217805,0.09047634
113,0.002701085258388158,0.001,0.042594165,0.05197197,0.005111894104629755,0.056796256,0.071497515
114,0.002736502474774864,0.001,0.043040197,0.05231159,0.0060781389474868774,0.061263956,0.07796242
115,0.0026006802236711118,0.001,0.04196915,0.050996866,0.010455669835209846,0.080007814,0.10225297
116,0.0027474348164377685,0.001,0.04245556,0.05241598,0.009357105940580368,0.0752135,0.09673213
117,0.00261899706768121,0.001,0.04182216,0.05117614,0.006677092052996159,0.06338078,0.081713475
118,0.002552473395913441,0.001,0.041508783,0.05052201,0.007653445471078157,0.067752,0.08748397
119,0.0024878894603095696,0.001,0.041081816,0.049878746,0.007147219497710466,0.06579287,0.08454123
120,0.0024342245726104088,0.001,0.040610623,0.04933786,0.005391466896981001,0.05783522,0.07342661
121,0.0024317841951564324,0.001,0.040584378,0.049313124,0.005100615788251162,0.056706436,0.0714186
122,0.0023895194326525758,0.001,0.0402601,0.04888271,0.006595324259251356,0.064587444,0.081211604
123,0.0024665279314751982,0.001,0.040693242,0.04966415,0.004502952564507723,0.053728145,0.06710404
124,0.0023684085657199225,0.001,0.039934803,0.0486663,0.0036550313234329224,0.048814233,0.060456853
125,0.002458998439136275,0.001,0.04077186,0.04958829,0.008569653145968914,0.07339893,0.09257242
126,0.002590843774760125,0.001,0.041384272,0.050900333,0.004997141193598509,0.055333797,0.07069046
127,0.0022822943907861936,0.001,0.039337046,0.047773365,0.0035627898760139942,0.047775157,0.059689112
128,0.002574843785322127,0.001,0.041222155,0.05074292,0.006323537789285183,0.061922163,0.07952067
129,0.002254112254257136,0.001,0.03901019,0.047477495,0.005124523304402828,0.055863377,0.071585774
130,0.0022053627970457447,0.001,0.038605236,0.04696129,0.0052030025981366634,0.056546748,0.07213184
131,0.0021990033239292217,0.001,0.03842689,0.046893533,0.004289406351745129,0.051601835,0.06549356
132,0.002191610829805069,0.001,0.038305566,0.046814643,0.004522120580077171,0.053284954,0.06724671
133,0.002168667990359048,0.001,0.038234197,0.04656896,0.006624047644436359,0.0649498,0.08138825
134,0.002369939010098922,0.001,0.039457683,0.04868202,0.003473830409348011,0.047178652,0.05893921
135,0.0022185917565210617,0.001,0.038510088,0.04710193,0.004078744910657406,0.05067141,0.06386505
136,0.002167103660820839,0.001,0.03808935,0.046552163,0.008008718490600586,0.069714196,0.08949144
137,0.0022687862121704267,0.001,0.038789827,0.047631774,0.004190036095678806,0.051519748,0.06473049
138,0.0023175148412073942,0.001,0.03936968,0.048140574,0.004388372879475355,0.052509252,0.066244796
139,0.0021979779904831116,0.001,0.038324997,0.046882596,0.007329758256673813,0.06693436,0.08561401
140,0.002216935917484423,0.001,0.038182374,0.04708435,0.00475087808445096,0.054362092,0.06892661
141,0.0020173823499534138,0.001,0.036812495,0.04491528,0.003328972961753607,0.04663422,0.05769725
142,0.0021107236633937203,0.001,0.037551675,0.045942612,0.004056177567690611,0.050779972,0.06368813
143,0.00201771440359626,0.001,0.036759067,0.044918977,0.004605197347700596,0.053760644,0.0678616
144,0.002018997380543175,0.001,0.036858805,0.044933256,0.0035107089206576347,0.04787833,0.059251234
145,0.0020281528844871624,0.001,0.036879346,0.045035016,0.00430160341784358,0.052317016,0.06558661
146,0.0019714471269000502,0.001,0.036512215,0.044400983,0.00403998140245676,0.051022764,0.06356085
147,0.0019646870435519334,0.001,0.036362592,0.044324793,0.004248004872351885,0.05214286,0.06517672
148,0.001959691914429294,0.001,0.036341775,0.044268407,0.006177487783133984,0.061261225,0.078596994
149,0.0019460083784389437,0.001,0.036184147,0.044113584,0.005934234242886305,0.060023773,0.07703398
150,0.001918347298421643,0.001,0.03592286,0.043798942,0.005858088377863169,0.059699174,0.07653815
151,0.001901748655330715,0.001,0.03568939,0.04360904,0.004491995554417372,0.053333975,0.06702235
152,0.0018885515589987503,0.001,0.0356307,0.04345747,0.004840195644646883,0.05503775,0.06957152
153,0.0018610932051624153,0.001,0.03534719,0.043140393,0.004471599590033293,0.053279802,0.06687002
154,0.001836130613421294,0.001,0.035100628,0.042850092,0.003833113005384803,0.049913455,0.061912138
155,0.0018444069814345337,0.001,0.035180416,0.04294656,0.005194864701479673,0.056935586,0.07207541
156,0.0018349973073581137,0.001,0.034935873,0.042836867,0.0049303448759019375,0.05556931,0.07021642
157,0.0017817923624845432,0.001,0.034489505,0.042211283,0.003940049558877945,0.050531764,0.062769815
158,0.001808020276716394,0.001,0.034708936,0.04252082,0.003218879224732518,0.046155844,0.05673517
159,0.0019440831908700512,0.001,0.035831492,0.044091757,0.009981678798794746,0.07911285,0.09990835
160,0.00249576159718043,0.001,0.039676253,0.0499576,0.003999069798737764,0.050850585,0.063238196
161,0.0017609174683716634,0.001,0.034214463,0.041963287,0.0028033829294145107,0.04312015,0.05294698
162,0.0019345682449705248,0.001,0.035762634,0.043983728,0.013312522321939468,0.09306483,0.11537991
163,0.003227675416624695,0.001,0.04486088,0.056812633,0.002924854401499033,0.044030756,0.054081924
164,0.002240753272770773,0.001,0.03803134,0.047336597,0.0038760218303650618,0.050146088,0.062257703
165,0.0018400057756845008,0.001,0.03505949,0.042895287,0.012800822965800762,0.090009965,0.113140725
166,0.0029187713689112675,0.001,0.042239953,0.054025657,0.0036081469152122736,0.048642766,0.06006785
167,0.0019760760225508356,0.001,0.036213327,0.044453077,0.003352453000843525,0.04713614,0.057900373
168,0.0018518919796714436,0.001,0.034960665,0.043033615,0.010512345470488071,0.08149303,0.10252973
169,0.002682340982139323,0.001,0.040465977,0.05179132,0.0060211787931621075,0.061358478,0.077596255
170,0.001897704732353648,0.001,0.034925304,0.043562654,0.002747175982221961,0.04259699,0.05241351
171,0.0021113558268131367,0.001,0.037353188,0.045949493,0.005431190133094788,0.058328252,0.073696606
172,0.0018013511446542015,0.001,0.03411322,0.04244233,0.006873583421111107,0.06488913,0.08290708
173,0.0018853291144109799,0.001,0.034732934,0.043420378,0.003937969915568829,0.050621353,0.062753245
174,0.0017462870767655486,0.001,0.0341792,0.0417886,0.004310121759772301,0.052698795,0.06565152
175,0.0016926853098274074,0.001,0.033616107,0.041142255,0.0047586155124008656,0.05503206,0.06898272
176,0.001643505728713929,0.001,0.033034313,0.040540174,0.0030492444057017565,0.044960532,0.055219963
177,0.0018024257622466634,0.001,0.034514774,0.042454984,0.003161212895065546,0.045791984,0.056224663
178,0.001685219968141201,0.001,0.033381194,0.04105143,0.006091446615755558,0.061441917,0.07804772
179,0.001742738377719573,0.001,0.033602282,0.041746117,0.005600502248853445,0.058782473,0.0748365
180,0.0016000662945250775,0.001,0.032638974,0.04000083,0.0031415808480232954,0.045396894,0.056049805
181,0.0018345288462926917,0.001,0.034706797,0.0428314,0.005081808660179377,0.056049876,0.071286805
182,0.001522614113669411,0.001,0.03191109,0.039020687,0.009878106415271759,0.077361554,0.09938867
183,0.0020712655885958523,0.001,0.035829406,0.04551116,0.00483639957383275,0.054760903,0.069544226
184,0.0015155439843621218,0.001,0.03171466,0.038929988,0.002912430092692375,0.0437533,0.053966936
185,0.0017847549288538607,0.001,0.03411278,0.04224636,0.005084093660116196,0.05620029,0.07130283
186,0.0015268846729989437,0.001,0.03166885,0.03907537,0.003633739659562707,0.04842495,0.06028051
187,0.0014539526185309664,0.001,0.030892674,0.03813073,0.0025435490533709526,0.040964667,0.05043361
188,0.0015695634824696948,0.001,0.031539317,0.039617717,0.004672544542700052,0.05415253,0.068356015
189,0.0015039612251083216,0.001,0.031464033,0.03878094,0.003957135137170553,0.0501375,0.062905766
190,0.001405207536543542,0.001,0.030429415,0.0374861,0.002848829608410597,0.043260586,0.05337443
191,0.0014136503570930578,0.001,0.030084424,0.037598543,0.00486482260748744,0.054651618,0.06974828
192,0.0014060107086753596,0.001,0.030188726,0.03749681,0.005089399870485067,0.055569235,0.07134003
193,0.0013931508110869351,0.001,0.029885903,0.037324935,0.003754239296540618,0.048357345,0.061271846
194,0.0012992074754198685,0.001,0.028793257,0.03604452,0.00440834928303957,0.051762477,0.0663954
195,0.0012927775299458792,0.001,0.028788457,0.035955217,0.003660997375845909,0.047544185,0.060506176
196,0.0012618355719047247,0.001,0.028238947,0.035522323,0.0035129645839333534,0.0465812,0.059270266
197,0.0012300003072207067,0.001,0.027876062,0.035071358,0.005328471306711435,0.056976706,0.07299638
198,0.0013838666553464643,0.001,0.029700862,0.037200358,0.003313484601676464,0.045237586,0.057562876
199,0.0012019101440874983,0.001,0.027596219,0.034668576,0.002476327819749713,0.0397389,0.049762715
200,0.0012380428703123315,0.001,0.02784037,0.035185833,0.0039038790855556726,0.049315915,0.06248103
201,0.0012777417710585497,0.001,0.028681649,0.035745513,0.002635899232700467,0.040753797,0.05134101
202,0.0011762996876957608,0.001,0.027410537,0.034297224,0.0028684576973319054,0.042298593,0.053557985
203,0.0011342530053294864,0.001,0.026994366,0.033678673,0.004130339249968529,0.049966663,0.06426772
204,0.0011541436446262873,0.001,0.0272403,0.033972688,0.003877812996506691,0.048391894,0.062272087
205,0.0011216132912399669,0.001,0.026867349,0.033490498,0.004667599219828844,0.05255247,0.06831983
206,0.0011451884244241604,0.001,0.02717883,0.03384063,0.003692186903208494,0.04740172,0.060763367
207,0.0011135483996481128,0.001,0.026827445,0.033369873,0.0037588549312204123,0.047733016,0.0613095
208,0.0010796316891888724,0.001,0.026407188,0.03285775,0.0022473111748695374,0.037949536,0.047405813
209,0.0011060873776758936,0.001,0.026391614,0.03325789,0.00292618153616786,0.042529456,0.05409419
210,0.0010544203944776519,0.001,0.0261544,0.03247184,0.002678686287254095,0.040762477,0.051756028
211,0.0010147286159212165,0.001,0.025409983,0.031854805,0.002043392974883318,0.03627111,0.045203906
212,0.0011197055977189817,0.001,0.026476076,0.033462,0.00428250664845109,0.05065042,0.06544086
213,0.0010640681107028814,0.001,0.02591537,0.032620057,0.002780335722491145,0.041110203,0.052728888
214,0.0010059789077747354,0.001,0.025102675,0.03171717,0.00275947037152946,0.040907666,0.05253066
215,0.0009706789971521845,0.001,0.024645848,0.031155722,0.0033882693387567997,0.04530073,0.05820884
216,0.000984525981914491,0.001,0.024753656,0.031377155,0.0017273237463086843,0.033187136,0.041561086
217,0.001039099198294581,0.001,0.025069373,0.03223506,0.006041743326932192,0.06322182,0.07772865
218,0.0016504659841614054,0.001,0.03289895,0.040625926,0.0017416559858247638,0.033343382,0.041733153
219,0.0011307033625100997,0.001,0.02649207,0.033625934,0.003062194213271141,0.042941935,0.055337097
220,0.0009559453801217086,0.001,0.024231479,0.030918365,0.00430338503792882,0.05072879,0.065600194
221,0.0010271539499505078,0.001,0.024945715,0.032049242,0.0017003628890961409,0.0330778,0.041235458
222,0.001147882052516289,0.001,0.027139032,0.03388041,0.0034937160089612007,0.046255454,0.059107665
223,0.0010180715957088745,0.001,0.025197603,0.031907234,0.0017391074215993285,0.033109535,0.041702606
224,0.0009442010036140096,0.001,0.02402773,0.030727854,0.0027137144934386015,0.040479463,0.052093323
225,0.000906802660332405,0.001,0.023646869,0.030113164,0.0020625463221222162,0.035738308,0.045415264
226,0.0009263865139215866,0.001,0.024031054,0.0304366,0.0034063472412526608,0.044884354,0.058363922
227,0.000912445320215727,0.001,0.02369453,0.03020671,0.003403213806450367,0.04478351,0.05833707
228,0.0009196688567990447,0.001,0.023848874,0.030326042,0.003240342950448394,0.04368004,0.05692401
229,0.0008994701195802081,0.001,0.023535203,0.029991167,0.0022565817926079035,0.037040118,0.047503494
230,0.0009079256145625563,0.001,0.023673873,0.030131804,0.0034840619191527367,0.04549748,0.059025943
231,0.0009466834277505596,0.001,0.02415504,0.030768221,0.0016380714951083064,0.032621276,0.040473096
232,0.0011009696558526255,0.001,0.026465522,0.033180863,0.006736414041370153,0.06542299,0.08207566
233,0.0014542113886249655,0.001,0.03025708,0.038134124,0.001841544290073216,0.035488926,0.042913217
234,0.0016026097696785833,0.001,0.033335987,0.04003261,0.007199294399470091,0.066631116,0.08484866
235,0.0014519289552205892,0.001,0.030056465,0.038104188,0.004987270105630159,0.053782634,0.070620604
236,0.001053335406375906,0.001,0.025449565,0.032455128,0.0017975101945921779,0.034659293,0.042397056
237,0.0015995362532821463,0.001,0.032558333,0.039994203,0.005604494363069534,0.060974535,0.07486317
238,0.0015213062856827802,0.001,0.03159884,0.039003927,0.0015946191269904375,0.03212531,0.039932683
239,0.0014374250041423848,0.001,0.029791875,0.03791339,0.0035803259816020727,0.04681675,0.059835825
240,0.0011405916488189882,0.001,0.026679141,0.033772644,0.004841819871217012,0.05344277,0.069583185
241,0.0011039373222921118,0.001,0.02597048,0.03322555,0.002106967382133007,0.03725754,0.045901716
242,0.001529357565501323,0.001,0.03235478,0.039107002,0.005140777211636305,0.053348735,0.07169922
243,0.0009765592723281361,0.001,0.024350261,0.031249948,0.004232537001371384,0.048704386,0.06505795
244,0.0009075922101077005,0.001,0.023727393,0.03012627,0.0021776282228529453,0.036499605,0.046665065
245,0.001079762253641365,0.001,0.026393095,0.032859735,0.003269537352025509,0.043667402,0.05717987
246,0.000905486579723789,0.001,0.023892198,0.030091304,0.002458350034430623,0.038362786,0.04958175
247,0.0008955590948611896,0.001,0.023715518,0.029925892,0.0018751817988231778,0.034072086,0.04330337
248,0.0009344365367244218,0.001,0.024088917,0.030568555,0.0031924163922667503,0.043314934,0.056501474
249,0.0009225218434595634,0.001,0.024160443,0.030373044,0.003045440651476383,0.04194194,0.05518551
250,0.0008579155184501207,0.001,0.023077682,0.029290194,0.0019339220598340034,0.034559585,0.04397638
251,0.0010663950309462832,0.001,0.025956891,0.032655705,0.00323094567283988,0.04292093,0.056841407
252,0.0008558761283843289,0.001,0.022823188,0.02925536,0.0043472228571772575,0.050322656,0.06593347
253,0.0009835399279525293,0.001,0.024704207,0.031361442,0.00200043898075819,0.03465626,0.044726267
254,0.0009005035970147547,0.001,0.023732329,0.030008392,0.003330314764752984,0.04390411,0.057708878
255,0.0008918009787621956,0.001,0.023375941,0.029863037,0.0028224720153957605,0.040438533,0.053126942
256,0.0008343834572748917,0.001,0.022621747,0.028885696,0.0015321321552619338,0.031319268,0.03914246
257,0.0010807660272188896,0.001,0.026099078,0.03287501,0.004258859436959028,0.050552964,0.06525994
258,0.0010473616703441649,0.001,0.025648039,0.032362968,0.002867436269298196,0.04034997,0.053548448
259,0.0008125435033856282,0.001,0.022206888,0.028505148,0.0017100961413234472,0.033036552,0.041353308
260,0.001097301050062738,0.001,0.026528716,0.033125535,0.0061668273992836475,0.061173286,0.07852915
261,0.0012548098009853308,0.001,0.028131923,0.035423294,0.004538786597549915,0.05053066,0.06737052
262,0.0009338489408669545,0.001,0.023976658,0.030558942,0.0020179562270641327,0.035095952,0.044921666
263,0.0010460273657573484,0.001,0.025969101,0.03234235,0.003699563443660736,0.04524456,0.060824037
264,0.0008392796372129862,0.001,0.02237387,0.028970324,0.003059135051444173,0.041272424,0.05530945
265,0.0008007403507325699,0.001,0.021947676,0.028297357,0.0020051398314535618,0.034369577,0.044778787
266,0.0008292316036620932,0.001,0.022623518,0.028796382,0.0032157108653336763,0.042858534,0.056707237
267,0.0008521069281356021,0.001,0.022798765,0.029190872,0.0022919271141290665,0.036387708,0.047874074
268,0.0007867836357100988,0.001,0.021891516,0.028049665,0.0017388720298185945,0.032678645,0.041699786
269,0.0009528522941229097,0.001,0.02455403,0.030868307,0.0038678396958857775,0.046874836,0.06219196
270,0.0008724284860091334,0.001,0.02297819,0.029536901,0.0029108673334121704,0.040361878,0.053952456
271,0.0007862878177703463,0.001,0.021825489,0.028040823,0.002227114513516426,0.035850264,0.047192313
272,0.0008169366884105066,0.001,0.02240902,0.028582105,0.0023904340341687202,0.03682274,0.048892066
273,0.0007807929690308046,0.001,0.021794006,0.027942672,0.002353247720748186,0.03666916,0.048510283
274,0.0007772733866811503,0.001,0.021668015,0.027879624,0.002814103849232197,0.04044257,0.053048126
275,0.0008306940126236123,0.001,0.022517301,0.028821763,0.001848252140916884,0.0328931,0.042991303
276,0.0007808977273606601,0.001,0.02183953,0.027944548,0.002345750341191888,0.036544807,0.048432946
277,0.0007620341930564977,0.001,0.021425948,0.027604965,0.002673520939424634,0.038922556,0.0517061
278,0.0007640306516002645,0.001,0.021502947,0.027641105,0.0019110507564619184,0.03349969,0.043715566
279,0.0007844627706197866,0.001,0.022170288,0.028008264,0.001923748874105513,0.033615816,0.043860562
280,0.0007716703511701495,0.001,0.021998456,0.027778955,0.0025409867521375418,0.038284764,0.0504082
281,0.000768015846678964,0.001,0.021488372,0.0277131,0.0023180360440164804,0.036852844,0.048145987
282,0.0007724619079165413,0.001,0.021533094,0.027793199,0.0015913927927613258,0.030891154,0.039892264
283,0.0007483592004151666,0.001,0.021441234,0.027356155,0.001492998213507235,0.029900188,0.038639337
284,0.0007497354983534737,0.001,0.021449033,0.027381299,0.0020619933493435383,0.034672637,0.045409176
285,0.0007418885657110595,0.001,0.021074297,0.027237631,0.002154145622625947,0.035019964,0.046412773
286,0.0007291154642531287,0.001,0.021015279,0.027002137,0.0023107302840799093,0.036009733,0.048070055
287,0.0007293209996540929,0.001,0.02100369,0.027005943,0.002296796767041087,0.035907663,0.047924906
288,0.0007247372197133361,0.001,0.020952508,0.026920944,0.0017253051046282053,0.03173387,0.041536793
289,0.0007277497922737689,0.001,0.021115132,0.026976839,0.0017326094675809145,0.03180757,0.041624624
290,0.000715300067989471,0.001,0.02079345,0.026745094,0.0016540158540010452,0.031296246,0.040669594
291,0.0007232654953471745,0.001,0.020881228,0.026893597,0.0010966459522023797,0.025830263,0.033115644
292,0.0008399596510649246,0.001,0.022756854,0.028982058,0.0019134716130793095,0.033501167,0.043743245
293,0.0007162592935113572,0.001,0.020731825,0.026763022,0.002136469120159745,0.03511979,0.046221957
294,0.0007156485636882923,0.001,0.02093715,0.02675161,0.001423288369551301,0.029474506,0.037726495
295,0.0008132996760996029,0.001,0.022794254,0.028518409,0.0029631531797349453,0.041841473,0.05443485
296,0.0008128710839616836,0.001,0.022152966,0.028510895,0.0014867476420477033,0.029589543,0.038558368
297,0.0006974959013893961,0.001,0.020642608,0.026410148,0.001434018136933446,0.029154317,0.037868433
298,0.0006860712406793261,0.001,0.020382972,0.026192961,0.0017518551321700215,0.03304198,0.041855168
299,0.0007889037924850237,0.001,0.022087371,0.028087432,0.0019120865035802126,0.035225403,0.043727413
300,0.0013970283685798247,0.001,0.029294081,0.037376843,0.0032154631335288286,0.04714498,0.056705054
301,0.001197708842536325,0.001,0.027773853,0.03460793,0.0011478416854515672,0.026681414,0.033879813
302,0.001088456589389931,0.001,0.026318034,0.032991767,0.004124198574572802,0.050821606,0.06421992
303,0.0010709412681908345,0.001,0.025964612,0.03272524,0.002787345089018345,0.039512426,0.052795313
304,0.0007905907978331952,0.001,0.021990832,0.028117446,0.0015441650757566094,0.030934777,0.039295867
305,0.0009557541019661741,0.001,0.024820622,0.030915273,0.0037977660540491343,0.047524225,0.061626017
306,0.0008958385125924825,0.001,0.023592353,0.029930562,0.001104471506550908,0.026159799,0.03323359
307,0.0008804209475569866,0.001,0.02333788,0.029671889,0.002033406402915716,0.03523847,0.04509331
308,0.0008248231128238328,0.001,0.022574356,0.028719734,0.001169636962004006,0.026533045,0.034199957
309,0.0007198682388352187,0.001,0.02105922,0.02683036,0.001175901386886835,0.026655521,0.03429142
310,0.0007488321110983039,0.001,0.021634985,0.027364798,0.0023521974217146635,0.036868893,0.048499458
311,0.0007100867650367041,0.001,0.020670522,0.026647454,0.0013072035508230329,0.028646003,0.03615527
312,0.0009256193868578503,0.001,0.024439083,0.030423993,0.0030856395605951548,0.04202379,0.055548534
313,0.000775239743817757,0.001,0.021737862,0.027843127,0.0025198732037097216,0.037701655,0.05019834
314,0.0007053687860367491,0.001,0.020756934,0.026558781,0.0013552866876125336,0.028780326,0.03681422
315,0.0007834993577778087,0.001,0.022279402,0.027991058,0.004511933773756027,0.053557634,0.06717093
316,0.0011464640364937365,0.001,0.027077315,0.033859476,0.0015560849569737911,0.030146236,0.039447244
317,0.0007534263661353718,0.001,0.02151919,0.027448613,0.0020419019274413586,0.033572566,0.04518741
318,0.0006847618932756072,0.001,0.020579085,0.026167955,0.005066099110990763,0.05554005,0.07117654
319,0.0010705798239332629,0.001,0.025858788,0.032719716,0.0014875929336994886,0.03067852,0.038569327
320,0.0010004232636754153,0.001,0.025597122,0.03162947,0.0025803775060921907,0.03747066,0.050797418
321,0.0007009944637179866,0.001,0.020696942,0.0264763,0.0028828345239162445,0.03982878,0.053692035
322,0.0007176179649041046,0.001,0.020791803,0.026788393,0.0017237570136785507,0.031557906,0.04151815
323,0.0007304684041107801,0.001,0.021389564,0.027027179,0.0025408705696463585,0.037522897,0.05040705
324,0.0006933257335700666,0.001,0.0205045,0.02633108,0.0015767979202792048,0.030294104,0.039708916
325,0.0007125931458278773,0.001,0.02114734,0.026694441,0.0019086541142314672,0.032631986,0.043688145
326,0.0006618751286621971,0.001,0.020160466,0.025726935,0.0026977204252034426,0.038986973,0.051939584
327,0.0007258607045566388,0.001,0.02098824,0.026941802,0.0014397617196664214,0.029167295,0.037944194
328,0.0007221167964185131,0.001,0.02125721,0.02687223,0.002431444590911269,0.036900986,0.049309682
329,0.0007047272385255751,0.001,0.020654298,0.0265467,0.00174401281401515,0.031278647,0.04176138
330,0.0006719232666963601,0.001,0.020355524,0.025921483,0.0016741645522415638,0.030721404,0.040916555
331,0.0006733049157967064,0.001,0.0205891,0.025948118,0.001986764371395111,0.033365555,0.044573136
332,0.0006585769348449129,0.001,0.020068066,0.025662754,0.0011516640661284328,0.02644352,0.033936176
333,0.0007279950881762009,0.001,0.021218387,0.026981384,0.002339203143492341,0.037183,0.04836531
334,0.0007706233536834545,0.001,0.021829361,0.027760103,0.0013204319402575493,0.027749117,0.03633775
335,0.0006597085058840188,0.001,0.020168744,0.02568479,0.0015440231654793024,0.029647142,0.03929406
336,0.0006418109674516354,0.001,0.019906875,0.025333988,0.002528652548789978,0.037956703,0.05028571
337,0.0007091072103076692,0.001,0.020775711,0.026629066,0.0013304711319506168,0.028122038,0.036475625
338,0.0007080596891595399,0.001,0.020910474,0.026609391,0.0030304479878395796,0.04168953,0.055049505
339,0.000774313138035058,0.001,0.021780627,0.027826482,0.0017886317800730467,0.031679913,0.04229222
340,0.0006496297569493904,0.001,0.019959064,0.025487835,0.0013648206368088722,0.028336508,0.03694348
341,0.0006895176861924908,0.001,0.02062409,0.02625867,0.002961401827633381,0.04133348,0.054418765
342,0.0007655837916754146,0.001,0.021632675,0.027669184,0.001287612714804709,0.027689751,0.035883322
343,0.0007195183169968267,0.001,0.021050058,0.02682384,0.002979025710374117,0.04126944,0.05458045
344,0.0007668661685957641,0.001,0.021656474,0.02769235,0.001706170616671443,0.030934118,0.041305818
345,0.0006415151180400648,0.001,0.0197007,0.025328148,0.0014813764719292521,0.029154953,0.038488653
346,0.0006491292969227409,0.001,0.019831954,0.025478015,0.0030752599705010653,0.041905615,0.055455025
347,0.0007748406131605746,0.001,0.021886166,0.027835958,0.001366354408673942,0.028534012,0.03696423
348,0.0007512825332646741,0.001,0.021692133,0.027409535,0.002522627357393503,0.03712997,0.050225765
349,0.0006615947454722861,0.001,0.019959584,0.025721485,0.0018788449233397841,0.03233542,0.043345645
350,0.0006310550636884137,0.001,0.019632785,0.02512081,0.0014127700123935938,0.028706469,0.037586834
351,0.0006760431043953102,0.001,0.020409891,0.02600083,0.001639575813896954,0.030776953,0.040491674
352,0.0006224638292708711,0.001,0.019446945,0.024949225,0.0010331041412428021,0.024844592,0.03214194
353,0.0006678702197462626,0.001,0.020246208,0.025843184,0.0016577248461544514,0.031585492,0.040715165
354,0.000682562491283777,0.001,0.020471193,0.026125897,0.001151154632680118,0.026040277,0.03392867
355,0.0006171144066136098,0.001,0.019429242,0.024841787,0.001093077240511775,0.025416872,0.03306172
356,0.0006362520645533601,0.001,0.019748526,0.025224037,0.001986163202673197,0.033716828,0.04456639
357,0.0006408251817014447,0.001,0.019757144,0.025314525,0.001293269800953567,0.02754255,0.03596206
358,0.0006769822283528426,0.001,0.020509547,0.026018882,0.0019525294192135334,0.03296906,0.044187434
359,0.0006111173106335874,0.001,0.019385116,0.024720786,0.0023684161715209484,0.03626742,0.048666377
360,0.0006464866679759427,0.001,0.019888323,0.025426101,0.0016174891497939825,0.03017472,0.04021802
361,0.0006167783738909134,0.001,0.019343328,0.024835022,0.002376783173531294,0.036279198,0.048752263
362,0.0006439258451756163,0.001,0.01970406,0.025375694,0.001618842943571508,0.03017878,0.04023485
363,0.0006164740484167196,0.001,0.019297037,0.024828896,0.0017394281458109617,0.031264924,0.04170645
364,0.0006068044348533552,0.001,0.019148622,0.0246334,0.0015387277817353606,0.02952808,0.03922662
365,0.0006046396241906812,0.001,0.019108733,0.02458942,0.0015607019886374474,0.029752117,0.03950572
366,0.0005976266998369346,0.001,0.019029472,0.024446405,0.0018087535863742232,0.031939365,0.042529445
367,0.0005999477277219349,0.001,0.01905199,0.02449383,0.001180055784061551,0.026273195,0.03435194
368,0.0006327163237155334,0.001,0.019548122,0.025153853,0.001647884026169777,0.030812569,0.04059414
369,0.000615865721864503,0.001,0.019361146,0.024816643,0.0014654879923909903,0.02918267,0.038281694
370,0.0006084178434103834,0.001,0.019238852,0.024666127,0.0011314309667795897,0.025759486,0.03363675
371,0.0006037801296621189,0.001,0.019226998,0.024571938,0.0019411923130974174,0.033518802,0.044058964
372,0.0006439163823323175,0.001,0.019738162,0.025375508,0.0010745248291641474,0.025576161,0.032779947
373,0.0007934297635029078,0.001,0.022350185,0.028167887,0.0019232131307944655,0.033240367,0.043854453
374,0.0006374510251227998,0.001,0.019636722,0.025247792,0.0012489715591073036,0.027026158,0.035340793
375,0.0006039171878484189,0.001,0.019219112,0.024574727,0.0013664280995726585,0.028216355,0.03696523
376,0.0006006024317208299,0.001,0.019067688,0.024507191,0.001280047930777073,0.027333673,0.03577776
377,0.0006082449401994427,0.001,0.019185012,0.024662623,0.0020154400262981653,0.0341683,0.044893652
378,0.000670293051170089,0.001,0.020097544,0.025890019,0.0011571228969842196,0.026130266,0.03401651
379,0.0007107891410061302,0.001,0.021090556,0.02666063,0.001981446985155344,0.033392124,0.04451345
380,0.0006218248599129206,0.001,0.019456504,0.024936417,0.0018592695705592632,0.03241201,0.043119248
381,0.0005921426928708406,0.001,0.019021023,0.024333982,0.0011475479695945978,0.026111957,0.033875477
382,0.000699355706502808,0.001,0.02087136,0.026445333,0.003053047228604555,0.043176804,0.055254385
383,0.0008332757077988323,0.001,0.022804426,0.028866515,0.0010851608822122216,0.025621867,0.03294178
384,0.000759593314352593,0.001,0.021916889,0.02756072,0.002340562641620636,0.03718373,0.04837936
385,0.0007041796932740671,0.001,0.020657029,0.026536385,0.0015015735989436507,0.029458163,0.03875014
386,0.0005856919126857385,0.001,0.018959487,0.024201073,0.0015401901910081506,0.029792275,0.039245255
387,0.0005969647902276519,0.001,0.019206911,0.024432862,0.0016367258504033089,0.03059227,0.04045647
388,0.0005970519387168202,0.001,0.019356553,0.024434647,0.0014853064203634858,0.029312648,0.038539674
389,0.0006072960210650322,0.001,0.019296518,0.024643376,0.0014944415306672454,0.029401008,0.038658008
390,0.0005824916388876006,0.001,0.018949453,0.024134863,0.0014546840684488416,0.029067317,0.03814032
391,0.0005764010161661117,0.001,0.018837465,0.024008352,0.001659280271269381,0.03126718,0.040734265
392,0.0006061078633601759,0.001,0.019170336,0.024619257,0.001056623994372785,0.024998488,0.032505754
393,0.0007899829086684912,0.001,0.022148833,0.028106635,0.0023523936979472637,0.03777278,0.04850148
394,0.0007405200324257016,0.001,0.02122488,0.027212497,0.0012364157009869814,0.026908668,0.035162702
395,0.0006065917613359131,0.001,0.019245917,0.024629084,0.001900747767649591,0.032877386,0.043597568
396,0.0005986424341030858,0.001,0.019097598,0.02446717,0.001791932969354093,0.031946305,0.04233123
397,0.0005956303699518124,0.001,0.019154357,0.024405539,0.001411647885106504,0.0287269,0.037571903
398,0.0005774867289584237,0.001,0.018793115,0.024030954,0.0013795760460197926,0.028609363,0.037142646
399,0.0005961732676173037,0.001,0.019055415,0.024416659,0.001145763206295669,0.0259931,0.033849124
400,0.000585398455650534,0.001,0.018944617,0.02419501,0.0012553345877677202,0.027264738,0.0354307
401,0.0005872044987261043,0.001,0.018910276,0.024232304,0.00156130432151258,0.030193044,0.039513342
402,0.0005848012082677155,0.001,0.018822804,0.024182662,0.0016212482005357742,0.030494152,0.040264726
403,0.0005729565405828044,0.001,0.018844673,0.023936512,0.0012167732929810882,0.027023716,0.034882277
404,0.0007256237172011997,0.001,0.021536168,0.026937403,0.002687406027689576,0.039422773,0.051840197
405,0.0006972747549220401,0.001,0.020453071,0.02640596,0.001353115658275783,0.028067179,0.03678472
406,0.0005834539717232639,0.001,0.019014278,0.024154792,0.0017438357463106513,0.03203797,0.04175926
407,0.0006087146238332577,0.001,0.019153595,0.024672141,0.001044946489855647,0.024722233,0.032325633
408,0.0006030114800685854,0.001,0.019179737,0.024556292,0.0012434013187885284,0.02707049,0.035261896
409,0.0005807436004724294,0.001,0.01882264,0.024098622,0.0015860006678849459,0.030715274,0.039824624
410,0.0005950304997483942,0.001,0.01895245,0.024393247,0.0010571415768936276,0.024983691,0.032513715
411,0.0006808739193090953,0.001,0.020536734,0.02609356,0.0017350056441500783,0.031539503,0.0416534
412,0.0005744057791531684,0.001,0.01874002,0.023966763,0.0011956003727391362,0.026469523,0.034577455
413,0.0006378118261909062,0.001,0.019893805,0.025254937,0.001846079365350306,0.03258826,0.042966027
414,0.000590052148024261,0.001,0.01880983,0.02429099,0.0012982307234779,0.0275115,0.03603097
415,0.000573903791201359,0.001,0.01868685,0.02395629,0.001253047725185752,0.027026303,0.035398412
416,0.0005827061821056659,0.001,0.018847128,0.024139307,0.0016741434810683131,0.031065982,0.040916298
417,0.0005706344431709438,0.001,0.018597001,0.023887957,0.0012871755752712488,0.027339593,0.035877228
418,0.0005769360635791525,0.001,0.018741267,0.024019493,0.002128174528479576,0.035177566,0.046132144
419,0.0006252600798556006,0.001,0.019366382,0.0250052,0.0014379816129803658,0.028840998,0.03792073
420,0.0005695270166903362,0.001,0.018687889,0.023864765,0.002916381461545825,0.04139187,0.054003533
421,0.0007380405524969699,0.001,0.021043126,0.027166901,0.0012647960102185607,0.027200425,0.03556397
422,0.000636643518543505,0.001,0.019955197,0.025231797,0.0018085157498717308,0.032242905,0.042526647
423,0.0005772535855912582,0.001,0.018713081,0.024026101,0.0011166606564074755,0.025437372,0.033416472
424,0.0006024906903160022,0.001,0.0192063,0.024545686,0.001235844916664064,0.026865372,0.035154585
425,0.0005667441039605136,0.001,0.018654274,0.023806388,0.0012197967153042555,0.026654158,0.034925587
426,0.0005565856516181945,0.001,0.018467663,0.023592066,0.0010761002777144313,0.025050214,0.032803968
427,0.0006184924691467282,0.001,0.019549387,0.024869509,0.0021756759379059076,0.035727784,0.04664414
428,0.0006255390090990726,0.001,0.01938542,0.025010778,0.0011314888251945376,0.026010575,0.03363761
429,0.0007359950383834594,0.001,0.021876508,0.027129227,0.0023215182591229677,0.037014447,0.048182137
430,0.0006545356296562322,0.001,0.019811193,0.025583893,0.0010753327514976263,0.02513144,0.032792266
431,0.0006782840397320986,0.001,0.02066114,0.026043886,0.001446523587219417,0.029117556,0.03803319
432,0.0005612505637001372,0.001,0.018477697,0.023690727,0.0016811005771160126,0.031422284,0.041001227
433,0.0005766966226826125,0.000100000005,0.018640848,0.024014508,0.001538173877634108,0.029921357,0.03921956
434,0.0005554932218589512,0.000100000005,0.018403172,0.023568904,0.0013028545072302222,0.02745418,0.036095075
435,0.0005596399153898173,0.000100000005,0.018586773,0.02365671,0.0011902251280844212,0.026177092,0.034499638
436,0.0005906361652000304,0.000100000005,0.019104846,0.024303008,0.0012148178648203611,0.026467536,0.034854237
437,0.0005815849509156589,0.000100000005,0.018951882,0.024116073,0.001367944641970098,0.028160922,0.036985736
438,0.0005541781201973598,0.000100000005,0.018537987,0.023540989,0.0015894699608907104,0.030368349,0.039868157
439,0.0005604199288618782,0.000100000005,0.018502634,0.02367319,0.0016189885791391134,0.030669551,0.040236656
440,0.0005623053864338526,0.000100000005,0.018516904,0.02371298,0.0015070692170411348,0.0295793,0.03882099
441,0.0005518459737153123,0.000100000005,0.018403117,0.023491403,0.001399855362251401,0.028504213,0.03741464
442,0.0005502898085537846,0.000100000005,0.018453132,0.023458257,0.0013205920113250613,0.027652252,0.03633995
443,0.0005543635501949625,0.000100000005,0.018523185,0.023544926,0.0013007494853809476,0.027439522,0.036065906
444,0.0005566199656049663,0.000100000005,0.018554268,0.023592794,0.0012765878345817327,0.027178442,0.03572937
445,0.0005597938811896226,0.000100000005,0.01859819,0.023659963,0.0012876621913164854,0.02730256,0.03588401
446,0.0005551617526791246,0.000100000005,0.018526433,0.02356187,0.001438938663341105,0.02891184,0.037933346
447,0.0005488719282972289,0.000100000005,0.018394934,0.023428015,0.001664667041040957,0.031121803,0.040800333
448,0.0005681640202919961,0.000100000005,0.018555516,0.02383619,0.0016507785767316818,0.030974096,0.040629774
449,0.0005639313766649806,0.000100000005,0.018514525,0.023747241,0.0014410869916900992,0.028929267,0.03796165
450,0.0005485108658653117,0.000100000005,0.018384585,0.023420308,0.0013005315558984876,0.027447758,0.036062885
451,0.0005556243593611965,0.000100000005,0.018525269,0.023571685,0.0012717463541775942,0.027122738,0.035661552
452,0.0005593204282725532,0.000100000005,0.01857169,0.023649957,0.0013611745089292526,0.028104605,0.036894098
453,0.000549789556715498,0.000100000005,0.018428449,0.023447592,0.0014979059342294931,0.029478587,0.03870279
454,0.0005505052334985923,0.000100000005,0.018380508,0.023462847,0.001531094079837203,0.029829731,0.039129198
455,0.0005543594136120296,0.000100000005,0.018397087,0.023544839,0.0014914176426827908,0.029443154,0.038618878
456,0.0005514300915988664,0.000100000005,0.018372098,0.023482548,0.0014035439817234874,0.028566336,0.037463903
457,0.0005465558391921853,0.000100000005,0.018360954,0.023378534,0.0012744404375553131,0.027173368,0.035699304
458,0.0005528647205651258,0.000100000005,0.018473191,0.023513077,0.001205623964779079,0.02639577,0.034722097
459,0.0005633881766516748,0.000100000005,0.018620592,0.0237358,0.0012764872517436743,0.027200324,0.035727963
460,0.0005525389895608412,0.000100000005,0.018490197,0.023506148,0.0014278858434408903,0.028812703,0.037787378
461,0.0005479605398750939,0.000100000005,0.018345881,0.023408556,0.001496031996794045,0.029516514,0.03867857
462,0.0005525644192531864,0.000100000005,0.018362405,0.02350669,0.0014614860992878675,0.029151082,0.038229387
463,0.000548982097760653,0.000100000005,0.01834211,0.023430368,0.0013538688654080033,0.028043559,0.036794957
464,0.0005457419095894591,0.000100000005,0.018350221,0.02336112,0.0012568642850965261,0.026961109,0.03545228
465,0.0005551813599971453,0.000100000005,0.018482523,0.023562286,0.0012205591192469,0.026563229,0.034936503
466,0.0005648727483097829,0.000100000005,0.018653229,0.023767052,0.0012574081774801016,0.02695876,0.03545995
467,0.0005590618988947276,0.000100000005,0.018550977,0.02364449,0.0013272239593788981,0.027732752,0.036431085
468,0.000549833140246331,0.000100000005,0.018425133,0.023448521,0.0013849892420694232,0.028335935,0.037215445
469,0.0005462343287621019,0.000100000005,0.01836739,0.023371655,0.001422459608875215,0.02871559,0.03771551
470,0.0005454094867274304,0.000100000005,0.018336002,0.023354003,0.00140857370570302,0.028583372,0.03753097
471,0.0005456016294379285,0.000100000005,0.018336905,0.023358118,0.0014099524123594165,0.02860115,0.03754933
472,0.0005447183500762876,0.000100000005,0.018320834,0.023339203,0.001503842300735414,0.029506814,0.038779404
473,0.0005477154830806024,0.000100000005,0.018320436,0.023403322,0.0015808070311322808,0.030219631,0.039759364
474,0.0005507410476739567,0.000100000005,0.018341806,0.023467874,0.0015252330340445042,0.029657274,0.039054234
475,0.0005457155448392884,0.000100000005,0.018326439,0.023360554,0.0014188513159751892,0.028633924,0.037667643
476,0.0005479345142545839,0.000100000005,0.018408459,0.023408001,0.0014447709545493126,0.028880503,0.038010143
477,0.0005460286164555015,0.000100000005,0.018371532,0.023367254,0.0015661452198401093,0.029992197,0.039574552
478,0.0005458487147849664,0.000100000005,0.018318167,0.023363404,0.001609379192814231,0.030372089,0.04011707
479,0.0005472498845662623,0.000100000005,0.018331753,0.023393374,0.0015925192274153233,0.030218223,0.039906383
480,0.0005461123988610059,0.000100000005,0.018320896,0.023369048,0.0015467870980501175,0.029813766,0.039329216
481,0.0005444293200397788,0.000100000005,0.018303974,0.02333301,0.0014675062848255038,0.029089484,0.038308043
482,0.0005440200249865359,0.000100000005,0.018324122,0.023324236,0.0013760313158854842,0.028183253,0.037094895
483,0.0005478174224373039,0.000100000005,0.018373894,0.0234055,0.0013423077762126923,0.027828176,0.03663752
484,0.000549641071358918,0.000100000005,0.018402258,0.023444425,0.001354946056380868,0.027966397,0.036809593
485,0.0005472139890119765,0.000100000005,0.018356068,0.023392607,0.0013943241210654378,0.028384648,0.03734065
486,0.000545143207585781,0.000100000005,0.018327469,0.023348302,0.0014528029132634401,0.028977504,0.03811565
487,0.0005445112904854145,0.000100000005,0.018305993,0.023334764,0.0014201818266883492,0.028642194,0.0376853
488,0.0005447034739724023,0.000100000005,0.018319564,0.023338882,0.0013870098628103733,0.028283343,0.03724258
489,0.0005456910593353823,0.000100000005,0.018333407,0.02336003,0.0014373497106134892,0.02878834,0.037912395
490,0.0005435235132239161,0.000100000005,0.01830516,0.023313591,0.0015476119006052613,0.029818367,0.0393397
491,0.0005443216967205525,0.000100000005,0.018292006,0.023330702,0.0016385463532060385,0.030602297,0.040478963
492,0.0005468667184754728,0.000100000005,0.018308574,0.023385182,0.001672239857725799,0.030885639,0.04089303
493,0.0005480154894114723,0.000100000005,0.018319823,0.023409732,0.0017007894348353148,0.031125085,0.04124063
494,0.000548848520828255,0.000100000005,0.018332817,0.023427516,0.0016241241246461868,0.030447356,0.040300425
495,0.000544107202838927,0.000100000005,0.018297264,0.023326106,0.0015053858514875174,0.029384429,0.0387993
496,0.0005459318453372986,0.000100000005,0.018365173,0.023365185,0.0015174269210547209,0.029492045,0.038954165
497,0.0005446305267517779,0.000100000005,0.018335538,0.02333732,0.0016220432007685304,0.03040967,0.040274598
498,0.0005438295957705408,0.000100000005,0.018285425,0.023320153,0.0016393099213019013,0.030555999,0.040488392
499,0.0005437134345495366,0.000100000005,0.018277429,0.023317665,0.001541302539408207,0.029714053,0.039259426
500,0.0005425147647071304,0.000100000005,0.018286457,0.023291947,0.0014368072152137756,0.028741209,0.03790524
501,0.0005455906667876093,0.000100000005,0.018354742,0.023357883,0.001384684001095593,0.02821824,0.037211344
502,0.0005497423382666885,0.000100000005,0.018420307,0.023446586,0.001372581347823143,0.028094696,0.037048366
